datetime,open,high,low,close,volume
2025-06-01 08:39:00,104325.34,104325.34,104317.84,104317.84,1.6032
2025-06-01 08:40:00,104317.84,104317.85,104317.84,104317.85,0.77024
2025-06-01 08:41:00,104317.85,104325.33,104317.84,104325.32,3.62899
2025-06-01 08:42:00,104325.32,104325.33,104325.32,104325.33,0.56015
2025-06-01 08:43:00,104325.33,104341.47,104325.32,104341.47,1.9621
2025-06-01 08:44:00,104341.46,104341.47,104341.46,104341.46,0.89245
2025-06-01 08:45:00,104341.47,104349.06,104341.46,104349.06,2.96688
2025-06-01 08:46:00,104349.05,104349.06,104336.89,104336.9,1.47128
2025-06-01 08:47:00,104336.9,104336.9,104336.89,104336.9,0.57251
2025-06-01 08:48:00,104336.9,104358.31,104315.53,104315.53,7.39934
2025-06-01 08:49:00,104315.53,104315.54,104307.77,104307.77,1.63075
2025-06-01 08:50:00,104307.78,104307.78,104307.77,104307.77,0.90472
2025-06-01 08:51:00,104307.78,104325.74,104307.77,104325.74,4.76586
2025-06-01 08:52:00,104325.74,104332.26,104325.73,104332.25,1.84182
2025-06-01 08:53:00,104332.25,104332.26,104319.23,104319.24,2.73049
2025-06-01 08:54:00,104319.23,104319.24,104268.01,104288.89,6.87753
2025-06-01 08:55:00,104288.89,104301.89,104288.88,104301.88,1.36077
2025-06-01 08:56:00,104301.89,104301.89,104291.67,104291.67,1.48154
2025-06-01 08:57:00,104291.68,104291.68,104291.67,104291.67,0.78922
2025-06-01 08:58:00,104291.67,104301.89,104291.67,104301.88,4.01526
2025-06-01 08:59:00,104301.89,104386.6,104301.88,104386.6,17.99458
2025-06-01 09:00:00,104386.6,104443.4,104386.6,104434.94,8.91575
2025-06-01 09:01:00,104434.94,104459.07,104434.93,104459.07,4.84212
2025-06-01 09:02:00,104459.07,104459.07,104411.35,104411.36,5.54446
2025-06-01 09:03:00,104411.35,104411.36,104349.05,104357.6,6.70016
2025-06-01 09:04:00,104357.6,104357.61,104309.13,104309.13,3.95503
2025-06-01 09:05:00,104309.13,104309.14,104309.13,104309.13,0.52268
2025-06-01 09:06:00,104309.13,104331.87,104283.62,104283.63,5.1756
2025-06-01 09:07:00,104283.62,104283.63,104254.71,104254.71,2.05929
2025-06-01 09:08:00,104254.71,104264.18,104221.77,104221.8,7.7982
2025-06-01 09:09:00,104221.8,104221.8,104146.34,104178.04,23.16908
2025-06-01 09:10:00,104178.03,104190.88,104162.53,104162.54,4.5315
2025-06-01 09:11:00,104162.54,104195.03,104162.53,104181.01,3.34172
2025-06-01 09:12:00,104181.01,104189.58,104178.09,104178.1,4.30962
2025-06-01 09:13:00,104178.1,104195.04,104178.09,104195.04,1.89894
2025-06-01 09:14:00,104195.03,104223.33,104195.03,104223.32,3.10661
2025-06-01 09:15:00,104223.32,104223.33,104152.39,104152.59,9.49633
2025-06-01 09:16:00,104152.58,104186.1,104146.97,104186.09,4.51631
2025-06-01 09:17:00,104186.1,104186.1,104088.36,104088.36,16.25391
2025-06-01 09:18:00,104088.37,104120.0,104058.85,104058.86,18.72344
2025-06-01 09:19:00,104058.85,104079.66,104054.55,104058.89,8.48408
2025-06-01 09:20:00,104058.89,104079.66,104002.89,104065.67,23.09204
2025-06-01 09:21:00,104065.68,104065.68,104000.0,104000.0,12.91737
2025-06-01 09:22:00,104000.01,104047.62,104000.0,104031.29,12.23287
2025-06-01 09:23:00,104031.3,104040.0,104005.8,104032.55,21.33418
2025-06-01 09:24:00,104032.54,104091.57,104032.54,104083.31,6.20845
2025-06-01 09:25:00,104083.31,104083.31,104043.97,104054.96,23.81491
2025-06-01 09:26:00,104054.96,104088.11,104032.54,104064.09,21.60861
2025-06-01 09:27:00,104064.09,104094.7,104042.73,104086.17,13.31739
2025-06-01 09:28:00,104086.16,104086.17,104057.15,104066.03,4.19124
2025-06-01 09:29:00,104066.04,104066.04,104032.54,104032.55,7.20688
2025-06-01 09:30:00,104032.55,104032.55,103957.0,103957.0,24.79582
2025-06-01 09:31:00,103957.0,103957.0,103892.89,103952.37,44.14141
2025-06-01 09:32:00,103952.37,103952.37,103898.45,103898.46,8.89054
2025-06-01 09:33:00,103898.45,103934.91,103850.02,103921.99,22.46005
2025-06-01 09:34:00,103921.98,103921.99,103857.23,103857.24,9.08311
2025-06-01 09:35:00,103857.24,103907.35,103857.23,103907.35,3.67137
2025-06-01 09:36:00,103907.35,103943.5,103898.82,103898.82,6.16063
2025-06-01 09:37:00,103898.82,103922.68,103896.61,103914.78,6.43182
2025-06-01 09:38:00,103914.78,103943.38,103914.77,103941.19,3.64571
2025-06-01 09:39:00,103941.19,103941.19,103863.5,103892.94,7.92516
2025-06-01 09:40:00,103892.94,103892.94,103856.48,103856.48,10.10589
2025-06-01 09:41:00,103856.49,103856.49,103847.36,103847.36,7.00201
2025-06-01 09:42:00,103847.37,103900.0,103847.36,103899.99,12.244
2025-06-01 09:43:00,103899.99,103900.0,103861.28,103862.46,9.07379
2025-06-01 09:44:00,103862.46,103887.84,103862.45,103887.84,4.58578
2025-06-01 09:45:00,103887.83,103927.44,103852.06,103852.07,18.89602
2025-06-01 09:46:00,103852.06,103868.3,103773.59,103811.46,22.74072
2025-06-01 09:47:00,103811.46,103916.85,103752.49,103916.85,15.68016
2025-06-01 09:48:00,103916.85,104009.42,103916.85,104009.41,17.36038
2025-06-01 09:49:00,104009.41,104027.0,103948.0,103971.7,6.11721
2025-06-01 09:50:00,103971.7,103993.48,103952.38,103952.39,5.09296
2025-06-01 09:51:00,103952.39,103993.98,103952.38,103953.11,7.71348
2025-06-01 09:52:00,103953.1,103953.11,103878.26,103880.29,7.63815
2025-06-01 09:53:00,103880.29,103880.29,103811.73,103811.74,3.32614
2025-06-01 09:54:00,103811.74,103830.19,103788.66,103788.67,3.39696
2025-06-01 09:55:00,103788.66,103809.5,103762.43,103787.11,13.5065
2025-06-01 09:56:00,103787.11,103841.67,103787.11,103811.96,12.06491
2025-06-01 09:57:00,103811.96,103827.55,103795.83,103800.88,6.80533
2025-06-01 09:58:00,103800.88,103834.5,103800.87,103834.5,8.16996
2025-06-01 09:59:00,103834.5,103934.35,103807.65,103934.34,61.62432
2025-06-01 10:00:00,103934.35,103992.79,103934.34,103992.79,4.08356
2025-06-01 10:01:00,103992.79,104012.56,103992.78,104012.56,2.67369
2025-06-01 10:02:00,104012.56,104040.52,104012.54,104012.54,8.39281
2025-06-01 10:03:00,104012.54,104012.55,103955.25,103985.89,7.59141
2025-06-01 10:04:00,103985.9,103994.36,103952.38,103952.38,2.41057
2025-06-01 10:05:00,103952.39,103952.39,103865.24,103889.16,6.33895
2025-06-01 10:06:00,103889.16,103894.12,103864.28,103894.11,5.56266
2025-06-01 10:07:00,103894.12,103906.09,103864.96,103890.59,5.93855
2025-06-01 10:08:00,103890.59,103915.98,103882.17,103882.18,6.52965
2025-06-01 10:09:00,103882.18,103905.08,103857.14,103893.15,6.68447
2025-06-01 10:10:00,103893.15,103935.95,103893.14,103935.95,3.16365
2025-06-01 10:11:00,103935.95,103963.26,103935.94,103963.25,9.28796
2025-06-01 10:12:00,103963.25,103984.41,103951.58,103951.58,6.90253
2025-06-01 10:13:00,103951.59,103958.95,103951.58,103958.95,4.88478
2025-06-01 10:14:00,103958.94,103971.54,103958.94,103971.53,4.05632
2025-06-01 10:15:00,103971.54,103971.54,103942.18,103955.6,6.66277
2025-06-01 10:16:00,103955.61,103964.14,103918.05,103964.14,11.16908
2025-06-01 10:17:00,103964.14,103977.14,103900.0,103900.0,5.11037
2025-06-01 10:18:00,103900.01,103944.69,103900.01,103944.69,4.10855
2025-06-01 10:19:00,103944.69,103944.69,103928.27,103933.52,2.6895
2025-06-01 10:20:00,103933.51,103987.3,103933.51,103987.3,3.71407
2025-06-01 10:21:00,103987.3,104007.29,103983.3,104007.29,9.96874
2025-06-01 10:22:00,104007.29,104007.29,104000.0,104000.0,4.75765
2025-06-01 10:23:00,104000.0,104000.01,103912.16,103912.17,6.87928
2025-06-01 10:24:00,103912.17,103919.91,103896.14,103900.0,4.36092
2025-06-01 10:25:00,103899.99,103958.5,103899.99,103958.49,9.22993
2025-06-01 10:26:00,103958.49,103971.7,103958.49,103971.7,2.95741
2025-06-01 10:27:00,103971.7,103978.31,103969.17,103969.18,2.113
2025-06-01 10:28:00,103969.18,103969.18,103952.71,103952.72,2.66597
2025-06-01 10:29:00,103952.71,103952.72,103928.82,103928.83,1.11416
2025-06-01 10:30:00,103928.83,103952.02,103928.82,103950.98,4.1833
2025-06-01 10:31:00,103950.99,103950.99,103924.92,103935.03,3.54269
2025-06-01 10:32:00,103935.03,103937.1,103924.52,103937.1,4.40398
2025-06-01 10:33:00,103937.1,103937.1,103856.61,103877.36,9.91737
2025-06-01 10:34:00,103877.36,103877.36,103860.38,103860.39,3.22457
2025-06-01 10:35:00,103860.39,103873.48,103860.38,103873.47,2.15934
2025-06-01 10:36:00,103873.47,103888.54,103863.4,103878.57,5.71213
2025-06-01 10:37:00,103878.57,103878.57,103805.22,103818.94,12.70772
2025-06-01 10:38:00,103818.93,103830.18,103818.93,103818.95,3.23205
2025-06-01 10:39:00,103818.94,103818.94,103783.5,103795.41,4.52919
2025-06-01 10:40:00,103795.4,103813.05,103795.4,103799.84,2.79373
2025-06-01 10:41:00,103799.84,103799.84,103783.01,103783.02,3.74888
2025-06-01 10:42:00,103783.01,103796.27,103773.69,103796.26,6.04397
2025-06-01 10:43:00,103796.27,103830.19,103796.27,103830.19,5.7182
2025-06-01 10:44:00,103830.18,103830.19,103819.38,103819.39,1.96279
2025-06-01 10:45:00,103819.39,103830.19,103809.54,103830.19,4.56669
2025-06-01 10:46:00,103830.19,103847.13,103825.96,103828.04,7.0419
2025-06-01 10:47:00,103828.04,103863.51,103828.03,103863.51,2.9608
2025-06-01 10:48:00,103863.51,103880.26,103863.5,103869.65,4.49049
2025-06-01 10:49:00,103869.64,103869.65,103805.48,103805.48,5.25381
2025-06-01 10:50:00,103805.48,103825.99,103805.48,103825.24,10.05405
2025-06-01 10:51:00,103825.24,103825.25,103820.03,103820.04,0.85446
2025-06-01 10:52:00,103820.04,103868.96,103820.03,103868.95,2.73691
2025-06-01 10:53:00,103868.95,103888.58,103868.95,103888.58,2.28272
2025-06-01 10:54:00,103888.57,103888.58,103850.54,103850.54,3.44748
2025-06-01 10:55:00,103850.54,103881.07,103843.01,103881.07,8.38673
2025-06-01 10:56:00,103881.07,103882.45,103870.34,103882.44,5.37725
2025-06-01 10:57:00,103882.44,103882.45,103882.44,103882.45,1.28945
2025-06-01 10:58:00,103882.44,103904.77,103882.44,103904.77,4.68525
2025-06-01 10:59:00,103904.77,103930.99,103904.76,103930.99,2.81967
2025-06-01 11:00:00,103930.98,103930.99,103904.76,103922.41,3.43058
2025-06-01 11:01:00,103922.41,103922.41,103915.17,103915.18,3.05799
2025-06-01 11:02:00,103915.18,103915.18,103890.04,103890.05,3.45149
2025-06-01 11:03:00,103890.04,103890.05,103870.6,103870.6,2.06214
2025-06-01 11:04:00,103870.61,103870.61,103850.55,103858.66,2.07153
2025-06-01 11:05:00,103858.65,103871.9,103858.65,103871.9,1.44032
2025-06-01 11:06:00,103871.9,103954.75,103871.9,103949.95,7.57491
2025-06-01 11:07:00,103949.94,103953.03,103939.85,103953.02,2.363
2025-06-01 11:08:00,103953.03,103953.03,103888.3,103916.8,15.58081
2025-06-01 11:09:00,103916.81,103916.81,103877.94,103877.94,2.44043
2025-06-01 11:10:00,103877.95,103877.95,103845.46,103859.7,3.76616
2025-06-01 11:11:00,103859.69,103873.97,103859.69,103873.96,1.73652
2025-06-01 11:12:00,103873.97,103889.43,103873.96,103889.42,3.56877
2025-06-01 11:13:00,103889.42,103889.42,103881.14,103881.15,1.79855
2025-06-01 11:14:00,103881.14,103881.15,103863.2,103863.2,0.7069
2025-06-01 11:15:00,103863.21,103887.97,103863.2,103887.97,1.73934
2025-06-01 11:16:00,103887.97,103921.86,103887.96,103921.85,3.08877
2025-06-01 11:17:00,103921.85,103954.12,103921.85,103954.12,3.38561
2025-06-01 11:18:00,103954.12,103993.07,103954.11,103993.07,7.07135
2025-06-01 11:19:00,103993.07,103993.07,103993.06,103993.06,1.28258
2025-06-01 11:20:00,103993.07,104030.8,103993.06,104030.8,3.56686
2025-06-01 11:21:00,104030.8,104030.8,104019.14,104019.14,5.18845
2025-06-01 11:22:00,104019.14,104019.15,103991.37,103991.38,5.39119
2025-06-01 11:23:00,103991.37,103998.99,103991.37,103991.39,1.25925
2025-06-01 11:24:00,103991.39,104031.43,103991.38,104024.55,5.71511
2025-06-01 11:25:00,104024.55,104024.55,104024.54,104024.55,0.30915
2025-06-01 11:26:00,104024.55,104024.55,104024.54,104024.55,0.4744
2025-06-01 11:27:00,104024.55,104060.47,104024.54,104052.08,6.90031
2025-06-01 11:28:00,104052.09,104052.09,104052.08,104052.09,0.35608
2025-06-01 11:29:00,104052.08,104058.48,104052.08,104058.48,1.42587
2025-06-01 11:30:00,104058.48,104058.48,104008.11,104026.38,9.36912
2025-06-01 11:31:00,104027.02,104060.46,104027.02,104060.46,2.8892
2025-06-01 11:32:00,104060.46,104066.04,104050.58,104052.1,2.94702
2025-06-01 11:33:00,104052.1,104052.1,104021.92,104021.93,4.33569
2025-06-01 11:34:00,104021.93,104033.83,104021.92,104033.82,10.83922
2025-06-01 11:35:00,104033.83,104100.01,104033.82,104100.0,9.85683
2025-06-01 11:36:00,104100.0,104103.63,104048.92,104097.38,29.12004
2025-06-01 11:37:00,104097.37,104097.38,104022.66,104022.67,10.59818
2025-06-01 11:38:00,104022.66,104022.67,104000.0,104000.01,3.59504
2025-06-01 11:39:00,104000.01,104018.86,104000.0,104018.85,1.86378
2025-06-01 11:40:00,104018.86,104079.95,104018.85,104057.03,18.22852
2025-06-01 11:41:00,104057.02,104152.24,104057.02,104108.82,29.94573
2025-06-01 11:42:00,104108.82,104108.83,104108.82,104108.82,1.00064
2025-06-01 11:43:00,104108.83,104113.21,104108.82,104113.2,1.49483
2025-06-01 11:44:00,104113.21,104120.99,104113.2,104120.99,2.2442
2025-06-01 11:45:00,104120.99,104132.79,104120.98,104132.79,3.71791
2025-06-01 11:46:00,104132.78,104136.45,104122.37,104122.37,1.59631
2025-06-01 11:47:00,104122.38,104136.41,104122.37,104136.41,1.0505
2025-06-01 11:48:00,104136.41,104136.41,104136.4,104136.41,1.38102
2025-06-01 11:49:00,104136.41,104136.41,104122.91,104122.92,5.09196
2025-06-01 11:50:00,104122.92,104122.92,104113.95,104113.96,1.63789
2025-06-01 11:51:00,104113.96,104124.36,104113.95,104124.35,9.14451
2025-06-01 11:52:00,104124.36,104124.36,104110.88,104110.88,1.30849
2025-06-01 11:53:00,104110.89,104110.89,104103.76,104103.77,1.23676
2025-06-01 11:54:00,104103.76,104108.0,104082.69,104082.7,2.99569
2025-06-01 11:55:00,104082.69,104082.7,104082.69,104082.69,0.42283
2025-06-01 11:56:00,104082.69,104082.7,104073.06,104073.07,3.51951
2025-06-01 11:57:00,104073.06,104073.07,104072.96,104072.96,2.13082
2025-06-01 11:58:00,104072.96,104082.68,104053.32,104082.67,9.82892
2025-06-01 11:59:00,104082.67,104082.68,104082.67,104082.68,0.87895
2025-06-01 12:00:00,104082.67,104101.29,104082.67,104087.85,3.85293
2025-06-01 12:01:00,104087.86,104093.5,104087.85,104093.5,2.70424
2025-06-01 12:02:00,104093.5,104117.33,104093.5,104113.19,9.74953
2025-06-01 12:03:00,104113.2,104113.2,104066.03,104066.04,12.05677
2025-06-01 12:04:00,104066.04,104066.04,104053.48,104066.04,14.27658
2025-06-01 12:05:00,104066.03,104078.94,104050.0,104058.18,11.12408
2025-06-01 12:06:00,104058.19,104058.19,104050.0,104050.01,4.57478
2025-06-01 12:07:00,104050.0,104050.01,104040.61,104040.61,4.71759
2025-06-01 12:08:00,104040.62,104040.62,104040.61,104040.61,1.75606
2025-06-01 12:09:00,104040.61,104082.39,104040.61,104082.39,4.67745
2025-06-01 12:10:00,104082.38,104124.33,104082.38,104124.32,2.58452
2025-06-01 12:11:00,104124.32,104142.86,104124.32,104142.86,2.33247
2025-06-01 12:12:00,104142.86,104164.89,104142.83,104164.89,4.60129
2025-06-01 12:13:00,104164.89,104190.48,104164.89,104190.47,2.99003
2025-06-01 12:14:00,104190.47,104190.48,104175.17,104175.17,8.65294
2025-06-01 12:15:00,104175.18,104188.51,104168.77,104183.01,10.85347
2025-06-01 12:16:00,104183.01,104183.01,104173.27,104173.27,1.55772
2025-06-01 12:17:00,104173.27,104173.28,104173.27,104173.27,0.50624
2025-06-01 12:18:00,104173.27,104173.28,104113.2,104113.21,4.67852
2025-06-01 12:19:00,104113.2,104131.98,104100.29,104131.98,5.32
2025-06-01 12:20:00,104131.98,104149.44,104129.11,104129.11,5.31486
2025-06-01 12:21:00,104129.11,104129.12,104101.01,104101.02,5.63972
2025-06-01 12:22:00,104101.02,104101.02,104066.03,104066.03,5.29863
2025-06-01 12:23:00,104066.04,104066.04,104048.78,104048.78,3.82087
2025-06-01 12:24:00,104048.79,104048.79,104019.39,104019.4,9.15258
2025-06-01 12:25:00,104019.4,104036.62,104018.86,104036.61,3.51688
2025-06-01 12:26:00,104036.62,104058.86,104036.61,104058.86,2.68312
2025-06-01 12:27:00,104058.86,104058.86,104026.81,104026.81,5.89617
2025-06-01 12:28:00,104026.82,104026.82,104019.16,104019.17,3.58529
2025-06-01 12:29:00,104019.16,104048.79,104003.81,104048.79,12.09281
2025-06-01 12:30:00,104048.79,104054.33,104048.78,104054.33,1.14166
2025-06-01 12:31:00,104054.32,104054.33,104034.16,104036.82,2.90183
2025-06-01 12:32:00,104036.35,104040.01,104012.0,104012.0,4.64356
2025-06-01 12:33:00,104012.01,104012.01,103903.1,103903.12,21.37853
2025-06-01 12:34:00,103903.11,103903.12,103863.5,103891.68,15.17674
2025-06-01 12:35:00,103891.68,103891.69,103783.01,103794.18,34.51572
2025-06-01 12:36:00,103794.58,103844.0,103794.57,103834.99,4.91599
2025-06-01 12:37:00,103834.98,103834.99,103816.27,103816.28,2.31586
2025-06-01 12:38:00,103816.28,103874.67,103816.27,103859.41,9.31935
2025-06-01 12:39:00,103859.42,103904.77,103859.42,103904.76,4.33381
2025-06-01 12:40:00,103904.77,103923.12,103904.76,103923.12,5.28285
2025-06-01 12:41:00,103923.12,103953.64,103923.11,103953.64,2.18246
2025-06-01 12:42:00,103953.63,103978.89,103953.63,103978.89,2.9061
2025-06-01 12:43:00,103978.88,103978.89,103915.48,103923.33,7.09446
2025-06-01 12:44:00,103923.34,103952.63,103923.33,103942.1,2.71089
2025-06-01 12:45:00,103942.1,103942.1,103910.86,103936.81,2.9902
2025-06-01 12:46:00,103936.81,103953.8,103909.35,103909.35,2.31604
2025-06-01 12:47:00,103909.36,103924.53,103877.35,103924.52,6.57582
2025-06-01 12:48:00,103924.52,103924.53,103871.27,103871.28,11.44522
2025-06-01 12:49:00,103871.27,103871.28,103859.61,103870.09,2.56136
2025-06-01 12:50:00,103870.08,103897.36,103857.17,103897.35,5.75937
2025-06-01 12:51:00,103897.36,103939.99,103897.36,103939.99,2.88178
2025-06-01 12:52:00,103939.99,103966.8,103939.99,103952.47,3.24419
2025-06-01 12:53:00,103952.48,103952.48,103888.35,103888.35,2.55641
2025-06-01 12:54:00,103888.35,103891.86,103877.35,103889.82,6.75604
2025-06-01 12:55:00,103889.82,103952.37,103889.82,103952.36,3.31185
2025-06-01 12:56:00,103952.37,103952.37,103952.36,103952.36,1.14128
2025-06-01 12:57:00,103952.36,103966.79,103952.36,103966.79,2.77422
2025-06-01 12:58:00,103966.79,103966.79,103943.99,103956.2,4.91006
2025-06-01 12:59:00,103956.21,103966.61,103956.2,103956.26,3.46896
2025-06-01 13:00:00,103956.25,103966.57,103956.25,103966.56,6.5257
2025-06-01 13:01:00,103966.57,103966.57,103956.71,103956.72,1.90932
2025-06-01 13:02:00,103956.72,103965.59,103956.71,103965.58,3.18302
2025-06-01 13:03:00,103965.58,103970.84,103951.61,103951.62,4.97502
2025-06-01 13:04:00,103951.62,103951.62,103951.61,103951.62,2.87539
2025-06-01 13:05:00,103951.61,103987.14,103951.61,103987.14,3.60219
2025-06-01 13:06:00,103987.13,104029.27,103987.13,104029.27,7.91259
2025-06-01 13:07:00,104029.27,104029.27,104029.26,104029.27,1.04571
2025-06-01 13:08:00,104029.27,104079.89,104029.26,104079.88,5.36659
2025-06-01 13:09:00,104079.89,104095.19,104068.44,104095.19,7.23532
2025-06-01 13:10:00,104095.18,104143.09,104095.18,104137.65,14.06907
2025-06-01 13:11:00,104137.66,104152.82,104137.65,104152.82,5.04263
2025-06-01 13:12:00,104152.81,104152.82,104152.81,104152.81,1.25642
2025-06-01 13:13:00,104152.82,104238.03,104152.81,104225.08,10.85575
2025-06-01 13:14:00,104225.09,104225.09,104225.08,104225.09,4.7308
2025-06-01 13:15:00,104225.08,104237.89,104210.15,104210.15,4.45548
2025-06-01 13:16:00,104210.15,104323.06,104210.15,104323.05,7.41846
2025-06-01 13:17:00,104323.05,104356.7,104323.05,104334.1,8.88535
2025-06-01 13:18:00,104334.1,104334.1,104268.46,104292.28,11.72551
2025-06-01 13:19:00,104292.28,104348.91,104292.28,104348.9,4.09012
2025-06-01 13:20:00,104348.9,104356.7,104308.65,104308.65,9.24248
2025-06-01 13:21:00,104308.66,104318.38,104308.65,104308.68,3.71419
2025-06-01 13:22:00,104308.67,104308.68,104270.06,104286.97,10.43711
2025-06-01 13:23:00,104286.97,104318.34,104286.97,104292.71,8.00754
2025-06-01 13:24:00,104292.71,104292.72,104230.16,104230.16,8.0217
2025-06-01 13:25:00,104230.17,104243.89,104226.34,104226.35,3.10209
2025-06-01 13:26:00,104226.35,104230.85,104226.34,104230.84,2.39326
2025-06-01 13:27:00,104230.85,104230.85,104214.59,104214.6,2.03652
2025-06-01 13:28:00,104214.59,104214.59,104180.35,104180.35,4.9078
2025-06-01 13:29:00,104180.35,104189.58,104180.35,104189.58,1.79819
2025-06-01 13:30:00,104189.58,104189.58,104173.05,104189.57,2.94181
2025-06-01 13:31:00,104189.58,104226.15,104189.57,104226.14,3.56368
2025-06-01 13:32:00,104226.15,104272.77,104226.14,104249.19,5.48725
2025-06-01 13:33:00,104249.19,104249.2,104227.74,104234.68,2.95441
2025-06-01 13:34:00,104234.68,104267.49,104234.67,104254.71,3.04023
2025-06-01 13:35:00,104254.71,104270.0,104240.01,104240.01,3.20318
2025-06-01 13:36:00,104240.01,104254.72,104234.42,104234.43,2.75357
2025-06-01 13:37:00,104234.42,104249.87,104226.21,104249.87,2.54765
2025-06-01 13:38:00,104249.87,104254.72,104249.86,104250.01,1.06348
2025-06-01 13:39:00,104250.01,104253.72,104235.0,104253.72,6.0728
2025-06-01 13:40:00,104253.72,104301.88,104253.72,104301.87,10.55547
2025-06-01 13:41:00,104301.87,104301.89,104287.7,104301.88,5.29133
2025-06-01 13:42:00,104301.89,104323.09,104301.88,104323.08,4.99556
2025-06-01 13:43:00,104323.09,104333.34,104323.08,104332.72,6.57089
2025-06-01 13:44:00,104332.73,104332.73,104313.09,104328.44,4.92749
2025-06-01 13:45:00,104328.45,104328.45,104314.94,104314.95,2.97548
2025-06-01 13:46:00,104314.94,104339.34,104314.94,104339.33,1.77302
2025-06-01 13:47:00,104339.33,104389.68,104306.65,104383.19,25.09987
2025-06-01 13:48:00,104383.19,104424.64,104383.18,104383.52,6.47022
2025-06-01 13:49:00,104383.52,104396.23,104321.18,104321.18,7.06023
2025-06-01 13:50:00,104321.18,104349.06,104310.04,104325.58,6.62065
2025-06-01 13:51:00,104325.59,104349.05,104325.58,104340.88,3.32332
2025-06-01 13:52:00,104340.89,104340.89,104301.88,104301.89,5.16033
2025-06-01 13:53:00,104301.88,104301.89,104292.68,104292.68,1.90828
2025-06-01 13:54:00,104292.69,104292.69,104292.68,104292.69,1.29876
2025-06-01 13:55:00,104292.68,104292.69,104292.68,104292.69,1.35196
2025-06-01 13:56:00,104292.69,104292.69,104282.25,104291.78,9.14638
2025-06-01 13:57:00,104291.78,104291.79,104268.61,104268.61,4.88693
2025-06-01 13:58:00,104268.61,104268.61,104248.8,104248.8,4.1503
2025-06-01 13:59:00,104248.8,104259.2,104248.8,104259.2,5.13031
2025-06-01 14:00:00,104259.19,104292.69,104259.19,104292.69,2.89989
2025-06-01 14:01:00,104292.69,104349.06,104292.68,104349.06,9.91496
2025-06-01 14:02:00,104349.06,104377.55,104349.05,104357.53,4.43083
2025-06-01 14:03:00,104357.53,104413.1,104357.53,104405.16,8.04605
2025-06-01 14:04:00,104405.17,104414.06,104380.95,104414.05,11.72709
2025-06-01 14:05:00,104414.05,104415.33,104385.9,104415.32,14.68381
2025-06-01 14:06:00,104415.32,104566.0,104415.32,104530.16,40.04609
2025-06-01 14:07:00,104530.16,104530.17,104492.2,104528.0,11.89181
2025-06-01 14:08:00,104527.99,104542.23,104500.54,104519.16,8.55333
2025-06-01 14:09:00,104519.15,104532.48,104519.15,104532.47,4.28046
2025-06-01 14:10:00,104532.47,104571.43,104524.16,104569.07,11.52495
2025-06-01 14:11:00,104569.07,104670.16,104569.07,104670.15,18.75444
2025-06-01 14:12:00,104670.15,104670.16,104537.74,104537.74,13.08953
2025-06-01 14:13:00,104537.74,104537.74,104513.66,104513.66,4.51906
2025-06-01 14:14:00,104513.66,104513.67,104490.56,104490.57,4.48587
2025-06-01 14:15:00,104490.57,104614.63,104490.56,104557.36,18.4676
2025-06-01 14:16:00,104557.35,104602.1,104557.35,104602.09,6.2938
2025-06-01 14:17:00,104602.1,104651.25,104602.09,104651.24,32.95296
2025-06-01 14:18:00,104651.25,104663.53,104620.0,104620.0,13.17982
2025-06-01 14:19:00,104620.0,104673.84,104615.21,104673.83,32.40264
2025-06-01 14:20:00,104673.84,104714.29,104636.0,104636.0,22.25568
2025-06-01 14:21:00,104636.01,104647.16,104619.66,104630.79,8.77124
2025-06-01 14:22:00,104630.79,104682.92,104630.78,104648.08,7.34554
2025-06-01 14:23:00,104648.09,104687.68,104648.09,104661.68,20.07572
2025-06-01 14:24:00,104661.67,104661.67,104624.99,104639.19,10.64307
2025-06-01 14:25:00,104639.19,104679.25,104639.18,104672.49,15.06164
2025-06-01 14:26:00,104672.49,104679.25,104667.47,104667.48,6.92781
2025-06-01 14:27:00,104667.48,104676.07,104654.2,104655.01,9.708
2025-06-01 14:28:00,104655.02,104697.75,104642.04,104660.08,23.29143
2025-06-01 14:29:00,104660.08,104700.0,104660.08,104670.17,18.29077
2025-06-01 14:30:00,104670.18,104695.3,104634.52,104634.53,21.47333
2025-06-01 14:31:00,104634.52,104695.43,104615.04,104695.42,14.94784
2025-06-01 14:32:00,104695.42,104706.88,104682.93,104706.87,16.34649
2025-06-01 14:33:00,104706.87,104708.43,104706.86,104706.86,15.27986
2025-06-01 14:34:00,104706.87,104706.87,104680.5,104680.5,10.60169
2025-06-01 14:35:00,104680.51,104680.51,104631.5,104660.3,9.28363
2025-06-01 14:36:00,104660.3,104676.19,104645.85,104669.79,6.13665
2025-06-01 14:37:00,104669.79,104696.77,104640.68,104696.77,17.39044
2025-06-01 14:38:00,104696.77,104741.54,104696.76,104726.42,12.21415
2025-06-01 14:39:00,104726.42,104726.42,104700.66,104700.75,6.99815
2025-06-01 14:40:00,104700.75,104700.76,104642.79,104642.8,9.69448
2025-06-01 14:41:00,104642.79,104642.8,104589.17,104589.17,33.60845
2025-06-01 14:42:00,104589.18,104640.58,104589.17,104623.8,11.37862
2025-06-01 14:43:00,104623.8,104657.01,104623.8,104657.0,3.52386
2025-06-01 14:44:00,104657.01,104689.45,104657.0,104682.93,6.31852
2025-06-01 14:45:00,104682.92,104713.19,104672.15,104713.19,12.44522
2025-06-01 14:46:00,104713.19,104773.59,104695.06,104773.58,18.65221
2025-06-01 14:47:00,104773.59,104773.59,104613.9,104618.18,22.01092
2025-06-01 14:48:00,104618.18,104659.04,104596.18,104659.04,10.914
2025-06-01 14:49:00,104659.03,104679.25,104613.9,104613.9,9.21979
2025-06-01 14:50:00,104613.9,104626.38,104613.09,104613.1,8.09816
2025-06-01 14:51:00,104613.09,104613.1,104564.71,104596.92,17.7487
2025-06-01 14:52:00,104596.93,104616.8,104586.46,104616.79,20.81515
2025-06-01 14:53:00,104616.8,104646.88,104616.79,104646.88,3.0947
2025-06-01 14:54:00,104646.88,104658.6,104625.9,104625.9,12.66559
2025-06-01 14:55:00,104625.9,104627.34,104613.73,104627.33,4.19418
2025-06-01 14:56:00,104627.34,104656.02,104627.33,104648.13,9.28916
2025-06-01 14:57:00,104648.12,104648.13,104628.39,104628.4,4.65047
2025-06-01 14:58:00,104628.39,104628.4,104607.2,104607.21,9.91081
2025-06-01 14:59:00,104607.21,104607.21,104599.68,104599.7,9.27308
2025-06-01 15:00:00,104599.7,104617.35,104599.69,104617.35,2.46455
2025-06-01 15:01:00,104617.35,104648.12,104601.81,104603.15,8.60727
2025-06-01 15:02:00,104603.14,104632.08,104585.36,104628.79,7.52714
2025-06-01 15:03:00,104628.78,104633.92,104628.78,104633.92,2.33211
2025-06-01 15:04:00,104633.92,104652.16,104633.91,104652.16,1.85405
2025-06-01 15:05:00,104652.16,104652.16,104540.59,104540.6,28.37557
2025-06-01 15:06:00,104540.6,104562.05,104502.99,104562.05,18.96932
2025-06-01 15:07:00,104562.04,104562.05,104531.95,104541.99,7.77443
2025-06-01 15:08:00,104541.99,104561.96,104539.94,104549.52,3.97686
2025-06-01 15:09:00,104549.52,104584.91,104549.51,104584.91,6.12385
2025-06-01 15:10:00,104584.91,104584.91,104584.9,104584.91,0.44537
2025-06-01 15:11:00,104584.91,104584.91,104571.42,104571.43,4.52327
2025-06-01 15:12:00,104571.42,104571.43,104551.16,104551.16,2.31269
2025-06-01 15:13:00,104551.16,104551.17,104525.33,104525.33,3.07653
2025-06-01 15:14:00,104525.34,104537.74,104525.33,104537.73,2.00035
2025-06-01 15:15:00,104537.74,104537.74,104537.73,104537.74,0.88852
2025-06-01 15:16:00,104537.73,104552.03,104537.73,104552.03,3.81065
2025-06-01 15:17:00,104552.03,104607.37,104552.03,104606.91,4.39041
2025-06-01 15:18:00,104606.92,104718.07,104606.91,104714.29,18.32554
2025-06-01 15:19:00,104714.28,104714.29,104695.57,104710.01,6.32314
2025-06-01 15:20:00,104710.0,104726.08,104710.0,104718.08,2.60201
2025-06-01 15:21:00,104718.07,104718.08,104680.67,104701.1,6.6579
2025-06-01 15:22:00,104701.1,104706.75,104701.09,104706.75,3.66317
2025-06-01 15:23:00,104706.74,104711.19,104706.74,104711.18,5.97904
2025-06-01 15:24:00,104711.19,104711.19,104676.83,104679.43,6.36022
2025-06-01 15:25:00,104679.42,104681.43,104665.73,104665.73,14.57262
2025-06-01 15:26:00,104665.73,104696.31,104664.0,104696.3,6.06197
2025-06-01 15:27:00,104696.3,104725.0,104696.3,104724.88,2.65364
2025-06-01 15:28:00,104724.88,104800.0,104724.88,104758.57,21.65641
2025-06-01 15:29:00,104758.57,104789.67,104758.57,104773.58,5.54635
2025-06-01 15:30:00,104773.58,104809.53,104770.71,104790.95,11.35626
2025-06-01 15:31:00,104790.96,104806.28,104777.25,104777.25,8.8486
2025-06-01 15:32:00,104777.25,104795.5,104760.01,104760.01,17.47765
2025-06-01 15:33:00,104760.0,104760.0,104714.21,104714.28,6.88092
2025-06-01 15:34:00,104714.29,104740.0,104714.28,104739.99,6.66576
2025-06-01 15:35:00,104740.0,104777.15,104739.99,104777.14,4.22331
2025-06-01 15:36:00,104777.15,104807.89,104777.14,104807.88,6.53084
2025-06-01 15:37:00,104807.88,104807.89,104689.95,104689.96,20.15264
2025-06-01 15:38:00,104689.95,104695.47,104682.92,104682.93,2.88047
2025-06-01 15:39:00,104682.93,104689.96,104679.24,104687.04,10.9889
2025-06-01 15:40:00,104687.03,104710.69,104687.03,104710.68,4.49238
2025-06-01 15:41:00,104710.69,104726.42,104710.68,104726.41,1.09133
2025-06-01 15:42:00,104726.42,104746.76,104726.41,104731.1,5.61076
2025-06-01 15:43:00,104731.11,104748.23,104722.78,104748.23,3.45681
2025-06-01 15:44:00,104748.22,104748.23,104748.22,104748.22,1.13634
2025-06-01 15:45:00,104748.23,104795.0,104748.22,104751.03,14.20966
2025-06-01 15:46:00,104751.03,104751.03,104708.95,104744.73,8.21749
2025-06-01 15:47:00,104744.72,104744.73,104744.72,104744.72,1.11038
2025-06-01 15:48:00,104744.72,104744.73,104650.44,104679.25,19.302
2025-06-01 15:49:00,104679.24,104711.85,104679.24,104711.85,2.98062
2025-06-01 15:50:00,104711.84,104726.42,104711.84,104726.41,1.04996
2025-06-01 15:51:00,104726.42,104745.0,104726.41,104740.23,5.80649
2025-06-01 15:52:00,104740.22,104740.23,104740.22,104740.23,1.99096
2025-06-01 15:53:00,104740.22,104740.23,104714.28,104731.7,8.03153
2025-06-01 15:54:00,104731.7,104731.7,104691.86,104691.87,7.36496
2025-06-01 15:55:00,104691.87,104700.0,104686.44,104700.0,4.01128
2025-06-01 15:56:00,104700.0,104700.0,104699.99,104699.99,2.35395
2025-06-01 15:57:00,104699.99,104700.0,104699.99,104699.99,1.6818
2025-06-01 15:58:00,104699.99,104723.5,104699.99,104723.5,3.64718
2025-06-01 15:59:00,104723.5,104723.5,104710.09,104715.1,5.655
2025-06-01 16:00:00,104715.1,104724.95,104710.09,104710.1,5.40085
2025-06-01 16:01:00,104710.1,104710.1,104696.44,104703.71,7.53282
2025-06-01 16:02:00,104703.72,104703.72,104703.71,104703.71,2.48687
2025-06-01 16:03:00,104703.72,104703.72,104703.71,104703.71,4.66724
2025-06-01 16:04:00,104703.71,104704.77,104659.47,104704.77,15.37747
2025-06-01 16:05:00,104704.76,104888.82,104704.76,104837.42,51.37615
2025-06-01 16:06:00,104837.41,104878.05,104832.71,104832.71,13.89062
2025-06-01 16:07:00,104832.72,104853.89,104803.77,104812.14,13.4548
2025-06-01 16:08:00,104812.15,105040.0,104812.14,104954.78,99.74886
2025-06-01 16:09:00,104954.77,105207.12,104933.26,105176.5,85.60291
2025-06-01 16:10:00,105176.51,105299.21,105115.5,105219.99,86.6483
2025-06-01 16:11:00,105219.99,105277.72,105186.89,105186.9,34.84994
2025-06-01 16:12:00,105186.89,105186.9,105094.41,105123.19,22.04762
2025-06-01 16:13:00,105123.19,105170.74,105107.01,105164.86,30.3577
2025-06-01 16:14:00,105164.86,105164.87,105086.24,105097.58,28.3684
2025-06-01 16:15:00,105097.58,105177.74,105000.0,105019.3,39.46273
2025-06-01 16:16:00,105019.3,105067.99,105006.7,105031.96,22.89214
2025-06-01 16:17:00,105031.96,105031.96,104965.83,104993.77,31.91919
2025-06-01 16:18:00,104993.78,105042.22,104993.77,105023.27,9.63884
2025-06-01 16:19:00,105023.26,105073.18,105023.26,105058.35,7.45104
2025-06-01 16:20:00,105058.35,105070.06,105033.76,105041.66,10.09117
2025-06-01 16:21:00,105041.66,105095.24,105041.66,105095.24,7.90356
2025-06-01 16:22:00,105095.24,105120.34,105033.78,105033.78,13.74757
2025-06-01 16:23:00,105033.78,105100.01,105024.39,105077.4,12.07673
2025-06-01 16:24:00,105077.41,105200.0,105077.4,105192.63,31.37744
2025-06-01 16:25:00,105192.63,105288.99,105192.63,105260.98,26.71643
2025-06-01 16:26:00,105260.98,105260.99,105202.92,105219.52,14.61642
2025-06-01 16:27:00,105219.52,105238.25,105180.0,105180.0,15.20743
2025-06-01 16:28:00,105180.0,105211.6,105121.95,105150.59,15.13438
2025-06-01 16:29:00,105150.58,105194.34,105150.58,105155.41,41.12735
2025-06-01 16:30:00,105155.41,105170.74,105121.95,105146.37,30.4053
2025-06-01 16:31:00,105146.36,105189.08,105131.58,105131.58,12.69948
2025-06-01 16:32:00,105131.58,105131.59,105087.39,105087.39,9.45937
2025-06-01 16:33:00,105087.4,105135.02,105054.18,105113.79,47.01828
2025-06-01 16:34:00,105113.78,105117.4,105095.22,105095.23,10.09178
2025-06-01 16:35:00,105095.22,105095.23,105055.59,105073.18,18.48577
2025-06-01 16:36:00,105073.18,105168.76,105073.17,105168.76,3.94692
2025-06-01 16:37:00,105168.75,105233.79,105168.75,105206.01,14.63196
2025-06-01 16:38:00,105206.0,105206.01,105170.73,105172.85,7.92191
2025-06-01 16:39:00,105172.85,105209.9,105172.85,105198.86,6.75093
2025-06-01 16:40:00,105198.85,105205.24,105156.82,105184.82,13.24051
2025-06-01 16:41:00,105184.82,105198.12,105173.85,105173.85,5.11496
2025-06-01 16:42:00,105173.86,105219.52,105173.85,105197.6,14.83006
2025-06-01 16:43:00,105197.6,105219.52,105197.59,105219.45,8.47213
2025-06-01 16:44:00,105219.45,105219.45,105219.44,105219.44,1.96219
2025-06-01 16:45:00,105219.44,105240.0,105180.63,105198.4,18.7832
2025-06-01 16:46:00,105198.4,105198.41,105155.09,105170.73,16.522
2025-06-01 16:47:00,105170.74,105230.12,105170.74,105170.77,8.38347
2025-06-01 16:48:00,105170.77,105190.99,105170.73,105170.73,5.82955
2025-06-01 16:49:00,105170.74,105189.48,105150.94,105189.47,5.89956
2025-06-01 16:50:00,105189.47,105207.53,105189.47,105207.52,0.96488
2025-06-01 16:51:00,105207.52,105207.53,105169.22,105186.33,27.74872
2025-06-01 16:52:00,105186.34,105200.0,105186.33,105186.33,8.25006
2025-06-01 16:53:00,105186.33,105195.8,105186.33,105186.34,2.4912
2025-06-01 16:54:00,105186.33,105186.34,105140.01,105163.3,9.31501
2025-06-01 16:55:00,105163.31,105170.74,105161.84,105170.73,6.79103
2025-06-01 16:56:00,105170.74,105170.74,105170.72,105170.73,3.41994
2025-06-01 16:57:00,105170.73,105170.73,105170.72,105170.72,3.05754
2025-06-01 16:58:00,105170.72,105170.73,105002.0,105009.43,41.59316
2025-06-01 16:59:00,105009.44,105047.51,105009.44,105038.8,9.59656
2025-06-01 17:00:00,105038.8,105052.91,105038.8,105048.03,9.08814
2025-06-01 17:01:00,105048.03,105048.04,105003.83,105024.34,5.76667
2025-06-01 17:02:00,105024.34,105050.05,105024.33,105048.9,6.32979
2025-06-01 17:03:00,105048.91,105048.91,105000.0,105020.56,24.22529
2025-06-01 17:04:00,105020.55,105070.01,105020.55,105070.0,6.22372
2025-06-01 17:05:00,105070.01,105088.87,105070.0,105088.86,2.88847
2025-06-01 17:06:00,105088.87,105088.87,105024.39,105024.39,9.92352
2025-06-01 17:07:00,105024.39,105032.33,104986.2,105032.33,14.05448
2025-06-01 17:08:00,105032.33,105068.41,105032.33,105068.4,0.93306
2025-06-01 17:09:00,105068.41,105140.0,105068.4,105140.0,8.5666
2025-06-01 17:10:00,105139.99,105179.29,105139.99,105175.21,14.38652
2025-06-01 17:11:00,105175.2,105190.47,105160.01,105160.01,8.3567
2025-06-01 17:12:00,105160.01,105160.01,105095.23,105105.95,8.66142
2025-06-01 17:13:00,105105.96,105130.07,105105.95,105127.95,4.33703
2025-06-01 17:14:00,105127.95,105127.95,105115.98,105121.96,2.53259
2025-06-01 17:15:00,105121.96,105129.81,105104.35,105104.35,4.256
2025-06-01 17:16:00,105104.35,105104.36,105095.23,105104.36,4.34613
2025-06-01 17:17:00,105104.35,105104.36,105080.13,105080.13,4.05434
2025-06-01 17:18:00,105080.13,105137.21,105080.13,105137.2,3.89336
2025-06-01 17:19:00,105137.21,105137.21,105125.11,105137.2,1.06886
2025-06-01 17:20:00,105137.2,105137.21,105120.41,105121.96,2.14669
2025-06-01 17:21:00,105121.96,105121.96,105078.05,105078.05,8.6944
2025-06-01 17:22:00,105078.06,105100.7,105078.05,105100.69,2.74675
2025-06-01 17:23:00,105100.69,105114.88,105100.69,105114.88,4.61751
2025-06-01 17:24:00,105114.87,105114.88,105114.87,105114.87,1.46375
2025-06-01 17:25:00,105114.87,105114.88,105100.69,105100.69,2.90124
2025-06-01 17:26:00,105100.69,105100.7,105100.69,105100.7,2.40803
2025-06-01 17:27:00,105100.69,105100.7,105100.69,105100.69,1.50629
2025-06-01 17:28:00,105100.69,105100.69,105079.72,105079.72,2.57261
2025-06-01 17:29:00,105079.73,105092.05,105079.72,105092.04,3.05216
2025-06-01 17:30:00,105092.04,105098.85,105092.04,105098.84,5.22851
2025-06-01 17:31:00,105098.85,105124.16,105098.84,105124.15,5.65934
2025-06-01 17:32:00,105124.16,105124.16,105124.15,105124.15,0.48741
2025-06-01 17:33:00,105124.16,105158.81,105100.02,105158.8,8.98462
2025-06-01 17:34:00,105158.81,105192.99,105158.8,105170.75,6.37861
2025-06-01 17:35:00,105170.74,105181.27,105108.0,105108.0,7.03498
2025-06-01 17:36:00,105108.01,105138.25,105108.0,105116.86,2.83005
2025-06-01 17:37:00,105116.85,105141.98,105116.85,105141.97,3.93055
2025-06-01 17:38:00,105141.97,105141.98,105141.97,105141.97,0.84286
2025-06-01 17:39:00,105141.98,105141.98,105111.85,105111.86,2.36879
2025-06-01 17:40:00,105111.85,105142.38,105108.01,105108.02,6.71265
2025-06-01 17:41:00,105108.02,105108.02,105030.38,105030.38,13.5728
2025-06-01 17:42:00,105030.37,105047.56,105030.37,105047.56,2.70374
2025-06-01 17:43:00,105047.56,105073.18,105047.55,105073.18,1.97811
2025-06-01 17:44:00,105073.18,105073.18,105051.83,105052.16,8.4354
2025-06-01 17:45:00,105052.16,105074.89,105047.61,105051.76,4.51522
2025-06-01 17:46:00,105051.76,105051.76,105051.75,105051.75,0.23137
2025-06-01 17:47:00,105051.75,105051.75,105031.33,105045.31,3.53985
2025-06-01 17:48:00,105045.31,105094.55,105045.31,105094.54,1.0701
2025-06-01 17:49:00,105094.54,105121.96,105094.54,105114.27,3.80286
2025-06-01 17:50:00,105114.27,105142.86,105107.39,105107.39,4.87383
2025-06-01 17:51:00,105107.4,105107.4,105094.54,105094.54,2.82188
2025-06-01 17:52:00,105094.54,105107.4,105073.24,105073.24,5.87521
2025-06-01 17:53:00,105073.25,105073.25,105005.0,105047.61,22.99558
2025-06-01 17:54:00,105047.61,105090.34,105047.61,105066.13,6.76232
2025-06-01 17:55:00,105066.12,105073.18,105060.02,105073.17,3.51026
2025-06-01 17:56:00,105073.17,105073.18,105054.31,105054.31,3.31899
2025-06-01 17:57:00,105054.31,105068.31,105054.31,105066.33,0.74378
2025-06-01 17:58:00,105066.34,105066.34,105066.33,105066.34,0.59901
2025-06-01 17:59:00,105066.34,105066.34,105066.33,105066.33,1.19439
2025-06-01 18:00:00,105066.34,105066.34,105066.33,105066.34,1.48251
2025-06-01 18:01:00,105066.34,105066.34,105012.0,105024.4,4.39137
2025-06-01 18:02:00,105024.4,105024.4,104975.6,104975.6,6.85349
2025-06-01 18:03:00,104975.6,104975.61,104881.68,104881.68,29.6482
2025-06-01 18:04:00,104881.69,104986.13,104881.68,104986.12,9.4714
2025-06-01 18:05:00,104986.12,104998.65,104962.84,104962.84,5.08277
2025-06-01 18:06:00,104962.84,104962.84,104916.46,104948.21,5.14655
2025-06-01 18:07:00,104948.21,104956.88,104948.21,104956.88,0.87317
2025-06-01 18:08:00,104956.87,104975.61,104948.22,104962.26,4.38236
2025-06-01 18:09:00,104962.27,104962.27,104945.38,104945.38,1.46359
2025-06-01 18:10:00,104945.39,104991.14,104945.39,104991.13,2.44076
2025-06-01 18:11:00,104991.14,105000.0,104980.53,104980.53,1.76594
2025-06-01 18:12:00,104980.53,104983.32,104963.24,104983.32,2.19526
2025-06-01 18:13:00,104983.6,105000.0,104983.6,104999.99,0.94818
2025-06-01 18:14:00,104999.99,105004.01,104999.99,105004.0,1.15937
2025-06-01 18:15:00,105004.01,105004.01,104988.7,104988.7,2.26998
2025-06-01 18:16:00,104988.71,104991.11,104959.64,104991.1,4.55922
2025-06-01 18:17:00,104991.1,105004.01,104991.1,105004.01,0.5983
2025-06-01 18:18:00,105004.0,105004.01,104981.22,104981.23,1.51943
2025-06-01 18:19:00,104981.23,105024.4,104981.22,105024.39,3.52657
2025-06-01 18:20:00,105024.39,105024.4,105000.01,105000.01,1.47966
2025-06-01 18:21:00,105000.02,105000.02,104935.15,104936.08,6.88017
2025-06-01 18:22:00,104936.08,104936.09,104884.01,104884.01,7.15653
2025-06-01 18:23:00,104884.01,104884.02,104734.17,104760.0,35.85035
2025-06-01 18:24:00,104760.0,104812.68,104759.99,104800.08,8.23343
2025-06-01 18:25:00,104800.07,104816.46,104800.07,104816.45,1.22242
2025-06-01 18:26:00,104816.46,104839.16,104816.45,104830.99,2.73734
2025-06-01 18:27:00,104831.0,104831.0,104702.93,104744.98,18.50964
2025-06-01 18:28:00,104744.99,104756.11,104692.55,104692.56,15.39105
2025-06-01 18:29:00,104692.56,104721.92,104692.55,104721.92,6.39973
2025-06-01 18:30:00,104721.91,104721.91,104705.29,104705.29,1.8034
2025-06-01 18:31:00,104705.29,104705.3,104668.0,104695.81,9.09657
2025-06-01 18:32:00,104695.82,104695.82,104667.13,104667.14,3.30237
2025-06-01 18:33:00,104667.14,104677.91,104633.73,104677.9,14.39958
2025-06-01 18:34:00,104677.91,104677.91,104565.54,104597.9,25.22753
2025-06-01 18:35:00,104597.89,104627.67,104597.89,104627.67,2.45974
2025-06-01 18:36:00,104627.66,104627.67,104564.79,104577.47,5.78003
2025-06-01 18:37:00,104577.48,104599.22,104514.21,104514.21,21.21047
2025-06-01 18:38:00,104514.22,104514.22,104448.95,104469.76,20.36215
2025-06-01 18:39:00,104469.76,104494.35,104390.24,104439.02,16.61414
2025-06-01 18:40:00,104439.03,104439.03,104374.44,104386.94,15.54218
2025-06-01 18:41:00,104386.93,104456.23,104382.5,104456.22,5.76662
2025-06-01 18:42:00,104456.23,104500.0,104456.22,104485.72,3.67914
2025-06-01 18:43:00,104485.71,104485.71,104319.79,104377.17,26.03529
2025-06-01 18:44:00,104377.17,104423.63,104377.17,104397.69,4.80576
2025-06-01 18:45:00,104397.7,104471.87,104376.31,104471.85,8.91467
2025-06-01 18:46:00,104471.85,104516.57,104471.85,104493.58,4.94555
2025-06-01 18:47:00,104493.57,104522.37,104478.93,104522.37,3.28252
2025-06-01 18:48:00,104522.37,104550.78,104515.71,104541.08,3.57609
2025-06-01 18:49:00,104541.08,104561.58,104536.57,104558.81,14.00091
2025-06-01 18:50:00,104558.81,104570.28,104539.91,104561.0,2.67141
2025-06-01 18:51:00,104561.0,104569.01,104550.0,104568.99,5.27995
2025-06-01 18:52:00,104569.0,104569.0,104550.02,104555.18,1.58983
2025-06-01 18:53:00,104555.18,104560.42,104550.0,104560.41,6.11689
2025-06-01 18:54:00,104560.42,104620.0,104560.42,104612.49,15.12678
2025-06-01 18:55:00,104612.49,104945.2,104612.49,104898.56,108.34677
2025-06-01 18:56:00,104898.56,104905.24,104829.97,104854.11,9.79331
2025-06-01 18:57:00,104854.11,104854.12,104811.97,104811.97,1.3491
2025-06-01 18:58:00,104811.97,104811.98,104809.52,104809.52,4.03446
2025-06-01 18:59:00,104809.53,104926.83,104809.52,104900.01,16.78545
2025-06-01 19:00:00,104900.01,104940.97,104868.01,104868.36,13.39185
2025-06-01 19:01:00,104868.36,104938.73,104868.35,104938.73,6.3374
2025-06-01 19:02:00,104938.73,105052.67,104938.72,105036.33,17.76767
2025-06-01 19:03:00,105036.33,105036.33,104863.45,104863.46,29.75353
2025-06-01 19:04:00,104863.46,104948.64,104863.45,104948.64,9.30931
2025-06-01 19:05:00,104948.64,104957.79,104945.3,104952.39,2.52824
2025-06-01 19:06:00,104952.39,104965.37,104904.8,104904.81,6.8575
2025-06-01 19:07:00,104904.81,104952.19,104904.81,104938.5,7.39055
2025-06-01 19:08:00,104938.5,104955.0,104938.5,104947.66,1.51596
2025-06-01 19:09:00,104947.66,104947.66,104878.04,104878.05,4.33898
2025-06-01 19:10:00,104878.05,104878.05,104805.44,104840.73,17.79091
2025-06-01 19:11:00,104840.74,104851.87,104840.73,104849.99,4.01012
2025-06-01 19:12:00,104849.99,104856.01,104849.99,104853.2,2.87268
2025-06-01 19:13:00,104853.2,104878.05,104839.88,104848.83,7.40562
2025-06-01 19:14:00,104848.83,104859.71,104848.82,104859.7,1.14297
2025-06-01 19:15:00,104859.7,104859.71,104850.01,104850.02,2.17439
2025-06-01 19:16:00,104850.01,104876.2,104850.01,104851.32,6.86823
2025-06-01 19:17:00,104851.32,104857.15,104845.49,104857.14,1.88148
2025-06-01 19:18:00,104857.14,104864.0,104840.67,104858.24,9.09179
2025-06-01 19:19:00,104858.24,104886.97,104858.24,104886.97,3.86812
2025-06-01 19:20:00,104886.97,104904.77,104886.36,104904.76,8.82306
2025-06-01 19:21:00,104904.77,104940.95,104904.77,104940.94,3.18242
2025-06-01 19:22:00,104940.95,105000.0,104940.94,104999.99,6.28031
2025-06-01 19:23:00,104999.99,105037.36,104999.99,105004.26,14.04882
2025-06-01 19:24:00,105004.26,105004.27,104993.99,104993.99,3.74809
2025-06-01 19:25:00,104993.99,104994.0,104984.52,104984.52,0.59487
2025-06-01 19:26:00,104984.52,104984.53,104952.38,104974.7,2.31854
2025-06-01 19:27:00,104974.69,105019.85,104974.69,105005.68,3.38922
2025-06-01 19:28:00,105005.68,105040.0,105005.68,105019.03,5.74421
2025-06-01 19:29:00,105019.03,105019.04,105019.03,105019.03,0.70154
2025-06-01 19:30:00,105019.04,105056.61,105019.04,105052.53,5.93541
2025-06-01 19:31:00,105052.53,105058.31,105052.53,105058.3,1.78065
2025-06-01 19:32:00,105058.31,105094.69,105058.31,105094.69,7.86459
2025-06-01 19:33:00,105094.68,105094.69,105084.66,105084.67,2.36416
2025-06-01 19:34:00,105084.66,105132.0,105084.66,105103.11,7.82326
2025-06-01 19:35:00,105103.11,105103.12,105059.07,105059.08,12.11241
2025-06-01 19:36:00,105059.08,105059.08,104992.65,104992.65,19.28005
2025-06-01 19:37:00,104992.65,105026.9,104992.65,105026.89,2.94566
2025-06-01 19:38:00,105026.89,105047.62,105026.89,105029.04,3.5219
2025-06-01 19:39:00,105029.04,105042.77,105029.04,105036.49,3.76824
2025-06-01 19:40:00,105036.49,105036.49,105036.48,105036.49,0.52878
2025-06-01 19:41:00,105036.48,105064.36,105036.48,105047.63,14.61694
2025-06-01 19:42:00,105047.63,105060.02,105024.19,105029.97,18.49391
2025-06-01 19:43:00,105029.98,105044.69,105029.97,105044.68,1.16972
2025-06-01 19:44:00,105044.68,105044.69,105039.43,105044.58,1.92131
2025-06-01 19:45:00,105044.58,105047.02,105044.57,105047.02,0.71611
2025-06-01 19:46:00,105047.02,105085.64,105047.01,105085.64,1.21309
2025-06-01 19:47:00,105085.63,105150.0,105085.63,105150.0,13.27847
2025-06-01 19:48:00,105150.0,105156.73,105147.7,105149.75,3.0811
2025-06-01 19:49:00,105149.75,105149.76,105142.02,105142.02,1.18672
2025-06-01 19:50:00,105142.02,105142.03,105117.18,105117.18,1.814
2025-06-01 19:51:00,105117.18,105117.19,105088.8,105088.81,3.69892
2025-06-01 19:52:00,105088.8,105088.81,105073.17,105073.18,2.82793
2025-06-01 19:53:00,105073.18,105086.61,105073.18,105086.61,0.89262
2025-06-01 19:54:00,105086.61,105093.02,105086.6,105093.01,0.83852
2025-06-01 19:55:00,105093.02,105095.13,105093.01,105095.13,0.37762
2025-06-01 19:56:00,105095.13,105148.72,105095.13,105148.71,1.54237
2025-06-01 19:57:00,105148.72,105148.72,105100.17,105100.17,8.18806
2025-06-01 19:58:00,105100.17,105121.96,105100.17,105109.25,10.86952
2025-06-01 19:59:00,105109.25,105121.95,105109.24,105121.94,1.81643
2025-06-01 20:00:00,105121.95,105156.0,105095.23,105095.23,13.03669
2025-06-01 20:01:00,105095.23,105103.78,105074.09,105089.39,4.92472
2025-06-01 20:02:00,105089.39,105116.8,105073.35,105073.35,3.20117
2025-06-01 20:03:00,105073.35,105073.35,104994.94,105044.91,17.59435
2025-06-01 20:04:00,105044.91,105092.67,105044.9,105073.17,3.5028
2025-06-01 20:05:00,105073.18,105087.72,105039.45,105039.45,1.20971
2025-06-01 20:06:00,105039.45,105039.46,104960.0,104975.61,10.0605
2025-06-01 20:07:00,104975.61,104975.61,104926.82,104948.3,7.97048
2025-06-01 20:08:00,104948.31,104948.31,104948.3,104948.3,2.07411
2025-06-01 20:09:00,104948.31,104959.65,104940.38,104959.64,2.18857
2025-06-01 20:10:00,104959.65,104975.61,104959.64,104975.61,1.12181
2025-06-01 20:11:00,104975.61,104975.61,104944.19,104944.2,3.7243
2025-06-01 20:12:00,104944.2,104951.49,104944.19,104951.49,0.61118
2025-06-01 20:13:00,104951.48,104975.61,104951.48,104964.5,4.00187
2025-06-01 20:14:00,104964.5,104964.5,104964.49,104964.5,0.6353
2025-06-01 20:15:00,104964.5,105072.85,104964.49,105030.98,14.57462
2025-06-01 20:16:00,105030.98,105052.83,105016.46,105052.82,1.959
2025-06-01 20:17:00,105052.83,105052.83,105001.87,105039.42,3.85696
2025-06-01 20:18:00,105039.43,105052.27,105039.42,105052.26,1.43249
2025-06-01 20:19:00,105052.26,105090.85,105052.26,105090.85,1.10834
2025-06-01 20:20:00,105090.84,105103.78,105090.84,105103.77,1.6649
2025-06-01 20:21:00,105103.77,105103.78,105102.25,105102.26,4.05303
2025-06-01 20:22:00,105102.26,105108.74,105102.25,105108.74,1.02192
2025-06-01 20:23:00,105108.74,105115.63,105099.56,105115.62,3.55401
2025-06-01 20:24:00,105115.62,105153.73,105115.62,105153.73,3.48377
2025-06-01 20:25:00,105153.72,105170.74,105145.72,105170.73,1.82743
2025-06-01 20:26:00,105170.73,105170.74,105161.42,105170.74,3.91148
2025-06-01 20:27:00,105170.74,105170.74,105160.05,105160.06,1.00125
2025-06-01 20:28:00,105160.06,105160.06,105160.05,105160.05,1.9541
2025-06-01 20:29:00,105160.05,105160.06,105160.05,105160.06,0.35263
2025-06-01 20:30:00,105160.05,105161.1,105160.05,105161.1,2.18629
2025-06-01 20:31:00,105161.1,105161.1,105161.09,105161.1,1.31908
2025-06-01 20:32:00,105161.09,105161.1,105121.33,105121.35,10.06549
2025-06-01 20:33:00,105121.35,105150.43,105121.35,105150.43,3.73894
2025-06-01 20:34:00,105150.42,105150.43,105150.42,105150.43,0.33271
2025-06-01 20:35:00,105150.43,105194.12,105150.42,105194.12,13.21655
2025-06-01 20:36:00,105194.11,105194.12,105194.11,105194.12,1.81676
2025-06-01 20:37:00,105194.12,105200.0,105188.34,105188.34,7.10465
2025-06-01 20:38:00,105188.34,105188.34,105185.24,105185.24,2.1559
2025-06-01 20:39:00,105185.24,105200.0,105185.24,105199.99,11.02034
2025-06-01 20:40:00,105200.0,105266.0,105199.99,105262.88,15.84975
2025-06-01 20:41:00,105262.88,105285.72,105262.88,105285.71,2.30455
2025-06-01 20:42:00,105285.71,105300.0,105278.39,105299.99,7.0839
2025-06-01 20:43:00,105299.99,105300.0,105289.46,105293.98,15.64177
2025-06-01 20:44:00,105293.98,105293.98,105258.06,105262.63,8.75814
2025-06-01 20:45:00,105262.64,105262.64,105216.72,105216.72,1.99106
2025-06-01 20:46:00,105216.73,105216.73,105197.63,105197.63,3.14247
2025-06-01 20:47:00,105197.63,105197.64,105192.09,105192.1,1.6721
2025-06-01 20:48:00,105192.09,105192.1,105142.85,105142.85,10.73532
2025-06-01 20:49:00,105142.85,105142.86,105095.23,105105.43,8.19606
2025-06-01 20:50:00,105105.43,105105.44,105102.32,105102.46,2.92385
2025-06-01 20:51:00,105102.45,105102.45,105024.39,105024.4,21.05629
2025-06-01 20:52:00,105024.4,105024.4,105017.05,105017.05,2.77856
2025-06-01 20:53:00,105017.05,105017.05,104893.72,104937.32,19.80593
2025-06-01 20:54:00,104937.32,105024.39,104937.32,105024.39,3.85794
2025-06-01 20:55:00,105024.39,105024.39,105000.89,105000.9,2.66854
2025-06-01 20:56:00,105000.89,105000.89,104912.01,104957.72,16.42291
2025-06-01 20:57:00,104957.73,104957.73,104927.78,104955.42,2.54219
2025-06-01 20:58:00,104955.43,104955.44,104939.81,104948.91,2.47025
2025-06-01 20:59:00,104948.9,104948.91,104948.9,104948.91,0.22163
2025-06-01 21:00:00,104948.91,104982.62,104948.9,104972.12,4.99191
2025-06-01 21:01:00,104972.12,104975.61,104952.38,104975.61,2.64252
2025-06-01 21:02:00,104975.61,105024.4,104975.6,105014.87,7.71034
2025-06-01 21:03:00,105014.88,105024.4,104977.55,104977.56,4.98711
2025-06-01 21:04:00,104977.55,104977.56,104930.78,104952.54,4.66277
2025-06-01 21:05:00,104952.55,104952.55,104926.82,104928.44,5.05889
2025-06-01 21:06:00,104928.44,104948.3,104926.82,104948.3,3.04263
2025-06-01 21:07:00,104948.29,104962.99,104948.29,104962.98,4.79655
2025-06-01 21:08:00,104962.98,105023.86,104962.98,105006.42,6.61513
2025-06-01 21:09:00,105006.42,105006.42,105000.0,105000.01,1.0151
2025-06-01 21:10:00,105000.01,105000.01,105000.0,105000.0,0.42943
2025-06-01 21:11:00,105000.01,105014.44,105000.0,105014.44,1.05918
2025-06-01 21:12:00,105014.43,105095.03,105014.43,105066.63,47.06277
2025-06-01 21:13:00,105066.63,105070.16,105051.79,105051.8,11.99007
2025-06-01 21:14:00,105051.8,105061.41,105051.79,105061.4,4.02525
2025-06-01 21:15:00,105061.4,105085.05,105061.4,105085.05,1.28131
2025-06-01 21:16:00,105085.04,105085.05,105085.04,105085.04,0.46404
2025-06-01 21:17:00,105085.04,105095.24,105085.04,105095.23,3.56624
2025-06-01 21:18:00,105095.23,105121.96,105095.23,105106.12,5.86163
2025-06-01 21:19:00,105106.12,105106.13,105102.08,105102.08,3.14841
2025-06-01 21:20:00,105102.08,105102.09,105102.08,105102.09,0.81105
2025-06-01 21:21:00,105102.08,105127.05,105102.08,105127.05,11.31367
2025-06-01 21:22:00,105127.05,105133.79,105127.04,105133.4,1.37347
2025-06-01 21:23:00,105133.41,105133.41,105133.4,105133.4,1.25681
2025-06-01 21:24:00,105133.4,105155.53,105133.4,105155.53,3.49026
2025-06-01 21:25:00,105155.53,105165.88,105146.59,105146.6,11.73139
2025-06-01 21:26:00,105146.59,105156.95,105146.59,105156.95,5.51035
2025-06-01 21:27:00,105156.94,105156.95,105156.94,105156.95,0.87511
2025-06-01 21:28:00,105156.94,105157.57,105156.94,105157.57,0.90391
2025-06-01 21:29:00,105157.57,105157.57,105157.56,105157.57,0.8788
2025-06-01 21:30:00,105157.56,105157.57,105157.56,105157.56,1.2263
2025-06-01 21:31:00,105157.57,105175.91,105157.56,105175.9,4.4787
2025-06-01 21:32:00,105175.9,105219.52,105175.9,105219.51,4.95451
2025-06-01 21:33:00,105219.52,105481.78,105219.51,105414.61,75.17369
2025-06-01 21:34:00,105414.61,105414.61,105291.74,105298.39,20.09141
2025-06-01 21:35:00,105298.39,105298.4,105286.85,105286.85,2.05903
2025-06-01 21:36:00,105286.85,105317.08,105286.85,105296.02,9.82285
2025-06-01 21:37:00,105296.02,105317.08,105286.87,105317.08,5.38152
2025-06-01 21:38:00,105317.07,105395.66,105317.07,105395.66,3.9203
2025-06-01 21:39:00,105395.65,105431.99,105365.85,105365.86,10.69819
2025-06-01 21:40:00,105365.85,105365.86,105348.65,105365.85,3.83779
2025-06-01 21:41:00,105365.85,105405.08,105332.22,105354.0,10.84181
2025-06-01 21:42:00,105354.0,105386.8,105348.07,105348.07,4.81875
2025-06-01 21:43:00,105348.08,105365.86,105348.07,105365.85,3.11753
2025-06-01 21:44:00,105365.86,105390.03,105365.86,105380.95,2.94767
2025-06-01 21:45:00,105380.96,105414.64,105380.95,105414.63,2.11126
2025-06-01 21:46:00,105414.64,105444.39,105355.26,105355.27,8.92283
2025-06-01 21:47:00,105355.27,105395.62,105355.26,105382.26,3.93304
2025-06-01 21:48:00,105382.27,105397.74,105382.26,105397.74,2.82301
2025-06-01 21:49:00,105397.73,105414.62,105397.73,105401.18,4.71001
2025-06-01 21:50:00,105401.19,105401.19,105367.77,105367.77,5.53939
2025-06-01 21:51:00,105367.78,105395.7,105367.77,105395.69,2.65763
2025-06-01 21:52:00,105395.69,105398.72,105395.69,105398.71,2.30329
2025-06-01 21:53:00,105398.71,105446.24,105398.71,105446.24,6.99615
2025-06-01 21:54:00,105446.23,105463.42,105433.79,105463.41,5.8682
2025-06-01 21:55:00,105463.42,105463.42,105438.28,105438.28,15.32368
2025-06-01 21:56:00,105438.28,105476.16,105438.28,105476.15,3.41383
2025-06-01 21:57:00,105476.15,105481.11,105476.15,105481.1,3.1361
2025-06-01 21:58:00,105481.1,105483.99,105454.07,105454.07,8.84072
2025-06-01 21:59:00,105454.08,105504.67,105454.07,105496.54,12.08087
2025-06-01 22:00:00,105496.54,105534.04,105494.72,105534.04,20.72045
2025-06-01 22:01:00,105534.04,105600.0,105534.03,105545.32,16.15948
2025-06-01 22:02:00,105545.33,105611.09,105534.54,105595.8,25.38454
2025-06-01 22:03:00,105595.81,105624.34,105595.8,105624.34,5.98301
2025-06-01 22:04:00,105624.35,105699.98,105624.34,105654.52,10.51777
2025-06-01 22:05:00,105654.51,105654.52,105564.91,105564.92,12.67218
2025-06-01 22:06:00,105564.91,105589.44,105516.0,105586.19,9.84734
2025-06-01 22:07:00,105586.18,105601.06,105585.64,105585.65,4.68363
2025-06-01 22:08:00,105585.65,105593.5,105575.92,105584.87,7.77599
2025-06-01 22:09:00,105584.88,105720.0,105584.87,105719.28,10.30889
2025-06-01 22:10:00,105719.27,105719.27,105695.82,105697.36,11.56187
2025-06-01 22:11:00,105697.36,105720.0,105697.35,105720.0,4.21031
2025-06-01 22:12:00,105720.0,105735.28,105704.92,105708.71,10.90669
2025-06-01 22:13:00,105708.7,105714.0,105708.7,105708.71,8.04492
2025-06-01 22:14:00,105708.71,105737.84,105708.7,105737.82,4.05317
2025-06-01 22:15:00,105737.82,105737.83,105625.56,105625.56,16.3143
2025-06-01 22:16:00,105625.56,105625.57,105571.42,105571.43,10.20377
2025-06-01 22:17:00,105571.43,105695.11,105516.0,105644.97,26.07088
2025-06-01 22:18:00,105644.98,105730.73,105644.97,105712.51,18.89204
2025-06-01 22:19:00,105712.5,105712.5,105600.0,105605.48,12.58765
2025-06-01 22:20:00,105605.49,105638.51,105580.21,105638.51,3.98852
2025-06-01 22:21:00,105638.5,105667.67,105575.48,105575.48,12.44184
2025-06-01 22:22:00,105575.48,105609.53,105560.97,105582.38,5.81571
2025-06-01 22:23:00,105581.71,105664.0,105581.7,105632.82,6.5852
2025-06-01 22:24:00,105632.82,105632.82,105591.21,105601.77,2.4253
2025-06-01 22:25:00,105601.78,105644.22,105601.78,105644.21,2.32173
2025-06-01 22:26:00,105644.21,105644.22,105535.89,105535.89,12.30896
2025-06-01 22:27:00,105535.9,105535.9,105509.61,105509.62,8.83661
2025-06-01 22:28:00,105509.61,105528.83,105495.21,105495.22,21.14716
2025-06-01 22:29:00,105495.21,105495.22,105458.83,105476.19,5.15925
2025-06-01 22:30:00,105476.19,105505.15,105476.19,105503.82,4.50544
2025-06-01 22:31:00,105503.81,105510.54,105441.17,105486.59,9.65038
2025-06-01 22:32:00,105486.59,105486.6,105465.83,105479.96,3.55078
2025-06-01 22:33:00,105479.97,105479.97,105444.32,105451.09,6.44066
2025-06-01 22:34:00,105451.08,105477.34,105439.73,105477.34,9.71054
2025-06-01 22:35:00,105477.34,105551.68,105477.34,105540.01,6.01222
2025-06-01 22:36:00,105540.0,105540.01,105475.0,105475.0,4.8664
2025-06-01 22:37:00,105475.0,105475.01,105475.0,105475.0,1.35329
2025-06-01 22:38:00,105475.01,105475.01,105463.41,105463.41,2.05858
2025-06-01 22:39:00,105463.42,105463.42,105446.33,105463.42,3.46472
2025-06-01 22:40:00,105463.41,105512.2,105463.41,105497.38,7.38386
2025-06-01 22:41:00,105497.38,105497.38,105462.99,105463.0,3.17556
2025-06-01 22:42:00,105462.99,105463.0,105451.5,105456.79,2.4924
2025-06-01 22:43:00,105456.79,105512.2,105456.78,105503.8,2.83872
2025-06-01 22:44:00,105503.8,105503.8,105490.67,105490.68,2.62912
2025-06-01 22:45:00,105490.67,105512.2,105490.67,105512.2,3.50852
2025-06-01 22:46:00,105512.19,105560.96,105512.19,105521.82,4.70977
2025-06-01 22:47:00,105521.83,105521.83,105433.96,105433.96,13.14252
2025-06-01 22:48:00,105433.97,105490.55,105433.97,105436.81,6.95057
2025-06-01 22:49:00,105436.81,105450.93,105433.96,105434.76,7.78504
2025-06-01 22:50:00,105434.76,105507.12,105414.63,105507.11,6.85662
2025-06-01 22:51:00,105507.11,105523.81,105507.11,105523.81,2.11739
2025-06-01 22:52:00,105523.8,105546.68,105513.1,105513.1,6.02791
2025-06-01 22:53:00,105513.11,105533.36,105504.26,105533.35,3.59465
2025-06-01 22:54:00,105533.36,105541.84,105517.75,105541.83,5.17279
2025-06-01 22:55:00,105541.83,105541.84,105508.54,105508.55,4.2306
2025-06-01 22:56:00,105508.55,105523.8,105508.54,105508.55,2.3086
2025-06-01 22:57:00,105508.54,105508.55,105466.39,105486.55,6.35437
2025-06-01 22:58:00,105486.55,105512.18,105486.55,105512.18,2.394
2025-06-01 22:59:00,105512.17,105512.18,105512.17,105512.18,0.86545
2025-06-01 23:00:00,105512.17,105543.65,105501.58,105504.92,8.7047
2025-06-01 23:01:00,105504.93,105533.32,105466.39,105533.32,11.14242
2025-06-01 23:02:00,105533.32,105560.98,105533.32,105560.97,1.30804
2025-06-01 23:03:00,105560.97,105630.55,105560.97,105579.82,9.1127
2025-06-01 23:04:00,105579.82,105669.82,105569.49,105669.82,5.73592
2025-06-01 23:05:00,105669.81,105676.26,105657.75,105669.96,3.95528
2025-06-01 23:06:00,105669.95,105735.31,105669.95,105728.9,5.47006
2025-06-01 23:07:00,105728.89,105789.37,105728.89,105766.0,45.02705
2025-06-01 23:08:00,105765.99,105790.0,105765.99,105789.99,3.66735
2025-06-01 23:09:00,105790.0,105790.0,105782.82,105782.82,2.67686
2025-06-01 23:10:00,105782.82,105790.0,105742.2,105742.2,5.54603
2025-06-01 23:11:00,105742.21,105755.01,105718.81,105742.71,9.45321
2025-06-01 23:12:00,105742.71,105755.51,105728.4,105755.5,3.95948
2025-06-01 23:13:00,105755.5,105783.8,105755.5,105783.79,2.90169
2025-06-01 23:14:00,105783.79,105813.8,105783.79,105792.67,34.98094
2025-06-01 23:15:00,105792.67,105808.0,105784.43,105790.06,4.56917
2025-06-01 23:16:00,105790.06,105790.06,105698.34,105698.35,12.96614
2025-06-01 23:17:00,105698.35,105734.79,105698.35,105734.79,3.82722
2025-06-01 23:18:00,105734.79,105775.47,105734.78,105775.47,2.2095
2025-06-01 23:19:00,105775.46,105813.64,105775.46,105813.63,4.96608
2025-06-01 23:20:00,105813.64,105836.67,105813.63,105835.87,6.00721
2025-06-01 23:21:00,105835.86,105866.91,105769.64,105827.51,40.4063
2025-06-01 23:22:00,105827.51,105833.26,105811.49,105821.64,7.88821
2025-06-01 23:23:00,105821.65,105821.65,105781.41,105801.41,4.60092
2025-06-01 23:24:00,105801.41,105801.41,105744.2,105744.21,9.19126
2025-06-01 23:25:00,105744.21,105777.82,105726.49,105777.81,7.31692
2025-06-01 23:26:00,105777.82,105800.0,105777.81,105782.11,3.74995
2025-06-01 23:27:00,105782.12,105800.0,105762.99,105763.0,4.70473
2025-06-01 23:28:00,105763.0,105767.12,105737.83,105753.57,2.65713
2025-06-01 23:29:00,105753.56,105753.57,105697.04,105697.06,8.81281
2025-06-01 23:30:00,105697.06,105697.06,105637.01,105638.54,14.63942
2025-06-01 23:31:00,105638.55,105651.53,105633.5,105633.5,6.46728
2025-06-01 23:32:00,105633.51,105690.39,105626.93,105677.05,3.67144
2025-06-01 23:33:00,105677.05,105696.0,105677.05,105695.99,2.03159
2025-06-01 23:34:00,105696.0,105745.49,105695.99,105737.32,1.97872
2025-06-01 23:35:00,105737.32,105756.1,105737.32,105756.1,1.35348
2025-06-01 23:36:00,105756.1,105795.41,105756.09,105795.4,2.27428
2025-06-01 23:37:00,105795.41,105795.41,105724.57,105724.58,7.5059
2025-06-01 23:38:00,105724.57,105724.58,105689.76,105696.59,8.59432
2025-06-01 23:39:00,105696.58,105729.67,105696.58,105729.66,1.19033
2025-06-01 23:40:00,105729.66,105729.67,105681.24,105681.25,3.06502
2025-06-01 23:41:00,105681.25,105707.32,105681.25,105705.0,3.23667
2025-06-01 23:42:00,105704.99,105707.32,105694.8,105694.8,3.72109
2025-06-01 23:43:00,105694.8,105694.81,105634.75,105634.76,6.02217
2025-06-01 23:44:00,105634.76,105658.54,105634.75,105644.64,1.70255
2025-06-01 23:45:00,105644.63,105697.17,105644.63,105697.17,2.76857
2025-06-01 23:46:00,105697.17,105735.97,105697.16,105721.34,5.04189
2025-06-01 23:47:00,105721.35,105721.35,105703.1,105703.1,3.1264
2025-06-01 23:48:00,105703.11,105707.32,105668.0,105707.32,2.7979
2025-06-01 23:49:00,105707.32,105709.62,105658.53,105658.54,4.91964
2025-06-01 23:50:00,105658.53,105658.53,105622.64,105651.87,4.0195
2025-06-01 23:51:00,105651.88,105651.88,105619.04,105619.05,3.52241
2025-06-01 23:52:00,105619.05,105619.05,105597.02,105597.02,5.18351
2025-06-01 23:53:00,105597.03,105597.03,105597.02,105597.03,1.79574
2025-06-01 23:54:00,105597.03,105638.74,105597.03,105631.21,4.83569
2025-06-01 23:55:00,105631.21,105631.22,105605.77,105605.77,2.08861
2025-06-01 23:56:00,105605.78,105631.22,105605.77,105620.52,7.30176
2025-06-01 23:57:00,105620.52,105638.74,105620.52,105638.74,3.13573
2025-06-01 23:58:00,105638.74,105638.74,105588.23,105595.94,9.66023
2025-06-01 23:59:00,105595.94,105642.93,105595.94,105642.93,7.84812
2025-06-02 00:00:00,105642.93,105647.78,105584.75,105603.23,8.64703
2025-06-02 00:01:00,105603.23,105620.0,105603.22,105620.0,6.72614
2025-06-02 00:02:00,105620.0,105638.49,105604.89,105604.89,2.75286
2025-06-02 00:03:00,105604.89,105621.0,105604.89,105621.0,4.44477
2025-06-02 00:04:00,105621.0,105635.19,105610.05,105635.18,8.45779
2025-06-02 00:05:00,105635.19,105638.15,105578.54,105578.55,9.74641
2025-06-02 00:06:00,105578.54,105590.02,105506.19,105547.7,19.37067
2025-06-02 00:07:00,105547.7,105620.0,105547.69,105580.0,8.9662
2025-06-02 00:08:00,105580.01,105589.58,105542.27,105561.51,7.25359
2025-06-02 00:09:00,105561.52,105657.29,105561.51,105654.77,12.13684
2025-06-02 00:10:00,105654.76,105735.42,105654.76,105702.44,11.11256
2025-06-02 00:11:00,105702.44,105703.9,105628.5,105703.89,15.64969
2025-06-02 00:12:00,105703.9,105703.9,105612.0,105612.01,20.13504
2025-06-02 00:13:00,105612.01,105635.69,105528.3,105552.96,9.06934
2025-06-02 00:14:00,105552.96,105584.49,105552.95,105584.49,8.93585
2025-06-02 00:15:00,105584.48,105629.31,105556.0,105566.83,9.65306
2025-06-02 00:16:00,105566.83,105627.95,105557.12,105625.5,7.28725
2025-06-02 00:17:00,105625.51,105656.88,105593.05,105593.06,10.88486
2025-06-02 00:18:00,105593.05,105593.06,105554.1,105592.07,4.73148
2025-06-02 00:19:00,105592.08,105592.08,105469.22,105523.81,14.54888
2025-06-02 00:20:00,105523.81,105527.71,105463.41,105463.41,9.99943
2025-06-02 00:21:00,105463.41,105532.84,105404.31,105532.84,30.55053
2025-06-02 00:22:00,105532.84,105591.89,105532.84,105589.86,7.49203
2025-06-02 00:23:00,105589.86,105589.86,105534.42,105555.28,5.20492
2025-06-02 00:24:00,105555.28,105555.28,105531.34,105538.51,2.91466
2025-06-02 00:25:00,105538.53,105572.03,105538.53,105572.03,2.97681
2025-06-02 00:26:00,105572.02,105575.7,105552.47,105562.1,8.90571
2025-06-02 00:27:00,105562.11,105562.11,105528.38,105534.79,13.58861
2025-06-02 00:28:00,105534.79,105546.84,105533.76,105533.76,2.10093
2025-06-02 00:29:00,105533.76,105533.76,105476.19,105476.19,14.47641
2025-06-02 00:30:00,105476.2,105520.97,105476.19,105520.96,6.09692
2025-06-02 00:31:00,105520.96,105520.97,105457.01,105497.36,4.93516
2025-06-02 00:32:00,105497.36,105512.2,105480.0,105512.19,9.73452
2025-06-02 00:33:00,105512.2,105575.25,105512.19,105540.71,6.67379
2025-06-02 00:34:00,105540.71,105555.69,105481.13,105489.04,4.22161
2025-06-02 00:35:00,105489.04,105512.2,105481.13,105481.48,3.4893
2025-06-02 00:36:00,105481.49,105491.28,105442.62,105491.27,5.24752
2025-06-02 00:37:00,105491.28,105535.45,105476.19,105476.76,5.11193
2025-06-02 00:38:00,105476.77,105543.36,105476.76,105536.7,4.05095
2025-06-02 00:39:00,105536.69,105543.35,105486.79,105543.34,4.59958
2025-06-02 00:40:00,105543.35,105564.41,105512.19,105512.19,4.99424
2025-06-02 00:41:00,105512.19,105543.3,105481.13,105531.82,9.96455
2025-06-02 00:42:00,105531.81,105577.35,105531.81,105540.93,4.49983
2025-06-02 00:43:00,105540.93,105543.01,105524.39,105524.39,2.74451
2025-06-02 00:44:00,105524.4,105552.86,105515.29,105552.86,2.9964
2025-06-02 00:45:00,105552.86,105560.98,105512.19,105512.19,3.49893
2025-06-02 00:46:00,105512.19,105512.19,105476.19,105511.06,5.57716
2025-06-02 00:47:00,105511.07,105511.07,105472.0,105473.47,3.27839
2025-06-02 00:48:00,105473.47,105512.2,105473.46,105512.19,1.28165
2025-06-02 00:49:00,105512.2,105512.2,105475.29,105475.29,3.92296
2025-06-02 00:50:00,105475.29,105481.24,105463.41,105481.13,6.08496
2025-06-02 00:51:00,105481.14,105539.0,105442.46,105442.46,7.27004
2025-06-02 00:52:00,105442.46,105478.56,105442.46,105448.57,5.44112
2025-06-02 00:53:00,105448.56,105463.41,105448.56,105463.41,1.4024
2025-06-02 00:54:00,105463.41,105463.41,105449.0,105449.01,1.12625
2025-06-02 00:55:00,105449.01,105453.83,105441.57,105453.82,2.29118
2025-06-02 00:56:00,105453.82,105453.83,105453.82,105453.83,1.45663
2025-06-02 00:57:00,105453.83,105453.83,105446.77,105446.77,2.7464
2025-06-02 00:58:00,105446.78,105446.78,105433.96,105434.01,4.82131
2025-06-02 00:59:00,105434.01,105434.01,105420.53,105427.48,4.1575
2025-06-02 01:00:00,105427.48,105476.0,105427.48,105471.42,9.74136
2025-06-02 01:01:00,105471.42,105471.42,105450.25,105462.01,6.19635
2025-06-02 01:02:00,105462.01,105463.96,105452.91,105463.96,12.61195
2025-06-02 01:03:00,105463.96,105464.81,105435.83,105435.84,7.37867
2025-06-02 01:04:00,105435.84,105452.89,105429.89,105452.89,7.32392
2025-06-02 01:05:00,105452.89,105503.83,105440.0,105503.82,8.16426
2025-06-02 01:06:00,105503.83,105517.38,105491.29,105496.13,6.37413
2025-06-02 01:07:00,105496.13,105512.2,105477.97,105487.35,4.24003
2025-06-02 01:08:00,105487.36,105539.97,105487.35,105539.96,9.50627
2025-06-02 01:09:00,105539.97,105560.98,105511.01,105511.01,6.27405
2025-06-02 01:10:00,105511.01,105559.04,105511.01,105553.26,6.89058
2025-06-02 01:11:00,105553.25,105560.98,105542.63,105546.79,4.94856
2025-06-02 01:12:00,105546.79,105560.98,105546.79,105560.97,1.57884
2025-06-02 01:13:00,105560.98,105575.48,105560.97,105575.47,1.60071
2025-06-02 01:14:00,105575.48,105629.99,105575.47,105629.98,6.41319
2025-06-02 01:15:00,105629.99,105629.99,105610.47,105629.66,3.00909
2025-06-02 01:16:00,105629.66,105629.66,105542.33,105585.06,6.42077
2025-06-02 01:17:00,105585.07,105585.07,105534.59,105534.6,5.51367
2025-06-02 01:18:00,105534.6,105550.7,105523.8,105526.25,4.68034
